,ONP,ALP,GRN,LNP,IND,TEAL,OTH
ONP,0.0,0.1100099421371774,0.11292599935372634,0.2200198842743548,0.2200198842743548,0.10789175962368112,0.22913253033670558
ALP,0.12962541854435364,0.0,0.18984113409778977,0.324063546360884,0.06481270927217682,0.22684448245261882,0.06481270927217682
GRN,0.06063564918597912,0.35433106321162655,0.0,0.059055177201937765,0.11332376768060337,0.2952758860096888,0.1173784567101645
LNP,0.3146180015862977,0.16112423716756605,0.16112423716756605,0.0,0.1208431778756745,0.08116610903532955,0.16112423716756605
IND,0.18181818181818182,0.09090909090909091,0.09090909090909091,0.09090909090909091,0.0,0.18181818181818182,0.36363636363636365
TEAL,0.04526693655568423,0.22633468277842111,0.22156934331711714,0.13580080966705269,0.189960481458988,0.0,0.18106774622273691
OTH,0.14533628052260042,0.14533628052260042,0.14533628052260042,0.07266814026130021,0.34598673764829807,0.14533628052260042,0.0
