,UAP,ONP,ALP,GRN,LNP,IND,TEAL,OTH
UAP,0.0,0.5267502902094363,0.10726075888560094,0.0131514189419188,0.031241565777150364,0.09693395203598135,0.2002124609873393,0.024449553162572905
ONP,0.17268827422107755,0.0,0.1015568312879184,0.12822228714704395,0.15399837205513708,0.11354763961087302,0.12366049319376794,0.2063261024841821
ALP,0.0703950677475539,0.0989782718643296,0.0,0.22056855514259763,0.3003063883773165,0.08051667156324495,0.16353271250008186,0.06570233280487565
GRN,0.11765727456098042,0.09609088607361961,0.1763695397498215,0.0,0.08078996385037507,0.14514560865535012,0.17090654153635249,0.21304018557350085
LNP,0.15673780752252156,0.17242050494569117,0.10716757700617584,0.12394439556031485,0.0,0.1425679277287609,0.14346542610319163,0.15369636113334406
IND,0.2186178895987938,0.06359300218072121,0.06906093799468904,0.11615266500575337,0.11093137296455326,0.0,0.04104410437406719,0.38060002788142205
TEAL,0.12965587114954025,0.041648067991797204,0.2243622271149587,0.2120395063178266,0.09727053277771316,0.1592532708831958,0.0,0.13577052376496831
OTH,0.19073733342975677,0.0027109460057059827,0.06254646501528152,0.3597747744573112,0.18935131858948945,0.11027702605174962,0.08460213645070543,0.0
