,UAP,ONP,ALP,GRN,LNP,IND,TEAL,OTH
UAP,0.0,0.33162043216516734,0.12033709260410189,0.001706066339919628,0.10917033847451775,0.0576525395484064,0.33391489084332704,0.04559864002455996
ONP,0.09702583998282481,0.0,0.12181887045320224,0.13110711196125863,0.3504780077867532,0.06638190343472829,0.17549791259328582,0.05769035378794706
ALP,0.04876758171995344,0.026540981624888337,0.0,0.3705334197726854,0.218987100188731,0.06426204319960352,0.15066999120325436,0.12023888229088395
GRN,0.08092499748944001,0.0750710099016098,0.26446557021993783,0.0,0.10179478117642612,0.07964009082551002,0.2917659039265456,0.10633764646053065
LNP,0.08847792156959071,0.03028675515263615,0.44481844210658944,0.12670439231327757,0.0,0.07983093722043605,0.1565234853617973,0.07335806627567272
IND,0.12629113660924218,0.018405723182328006,0.11148493897873525,0.2474255637630933,0.13573600792536028,0.0,0.05645483360974246,0.3042017959314986
TEAL,0.05262127493444932,0.0646782374813565,0.46097828758219633,0.1926639356658809,0.07419115531811808,0.08311129721506585,0.0,0.07175581180293299
OTH,0.12673191825551494,0.022472146693474627,0.1790795687704623,0.14779052007304078,0.29597785710394775,0.06336630689886268,0.16458168220469693,0.0
