,UAP,ONP,ALP,GRN,LNP,IND,TEAL,OTH
UAP,0.0,0.17952616804395688,0.09116375910622701,0.09116375910622701,0.18232751821245402,0.18232751821245402,0.09116375910622701,0.18232751821245402
ONP,0.1805535830670257,0.0,0.09027679153351285,0.09027679153351285,0.1805535830670257,0.18528963296649892,0.09249603476539824,0.1805535830670257
ALP,0.05805335430908916,0.11891236062744796,0.0,0.17836854094117194,0.3206148996169143,0.05945618031372398,0.20809663109803392,0.05649803309361871
GRN,0.10458590458245057,0.052292952291225284,0.32060266249023633,0.0,0.04869716660570706,0.10458590458245057,0.2646495048654796,0.10458590458245057
LNP,0.24454148814538115,0.23865660640172923,0.11942198721664524,0.12227074407269058,0.0,0.09170305805451792,0.06113537203634529,0.12227074407269058
IND,0.15539134110570146,0.15296440728245214,0.07648220364122607,0.07648220364122607,0.07557281460584411,0.0,0.15296440728245214,0.3101426224410981
TEAL,0.08512880545956743,0.04009730937171576,0.2045144388805097,0.20863978711585937,0.12921629364157586,0.16620168276538588,0.0,0.16620168276538588
OTH,0.1258008687825454,0.12688408375734933,0.12243012532387373,0.12551717327195588,0.06275858663597794,0.3137929331798897,0.1228162290484081,0.0
